{
    "广东省珠海市香洲区唐家湾镇港湾大道中山大学（珠海校区）": [
        22.3451712,
        113.5871658
    ],
    "广东省珠海市香洲区唐家湾镇中山大学珠海校区行政楼": [
        22.3472533,
        113.5841406
    ],
    "广东省珠海市香洲区唐家湾镇中山大学珠海校区校训石中山大学（珠海校区）": [
        22.3518851,
        113.5857133
    ],
    "广东省珠海市香洲区唐家湾镇中山大学珠海校区孙中山铜像": [
        22.3524644,
        113.5853898
    ],
    "广东省珠海市香洲区唐家湾镇若海路中山大学（珠海校区）": [
        22.3535181,
        113.5872297
    ],
    "广东省珠海市香洲区唐家湾镇中山大学珠海校区体育馆中山大学（珠海校区）": [
        22.3526125,
        113.5872982
    ],
    "广东省珠海市香洲区唐家湾镇荔园食堂": [
        22.3550276,
        113.5826247
    ],
    "广东省珠海市香洲区唐家湾镇中山大学珠海校区游泳池中山大学（珠海校区）": [
        22.3535823,
        113.5747765
    ],
    "广东省珠海市香洲区唐家湾镇中山大学珠海校区桐园公寓": [
        22.3556672,
        113.5726896
    ],
    "广东省珠海市香洲区唐家湾镇中山大学天琴中心": [
        22.3539544,
        113.571794
    ],
    "广东省珠海市香洲区唐家湾镇中山大学珠海校区榕园广场": [
        22.3548209,
        113.5770643
    ],
    "广东省珠海市香洲区唐家湾镇博雅苑二期1栋": [
        22.3599022,
        113.5790148
    ],
    "广东省珠海市香洲区唐家湾镇博雅苑（南区）": [
        22.3624317,
        113.5792643
    ],
    "广东省珠海市香洲区唐家湾镇中山大学珠海校区荔园": [
        22.3547415,
        113.5811858
    ],
    "广东省珠海市香洲区唐家湾镇中山大学珠海校区榕园中山大学（珠海校区）": [
        22.3562686,
        113.5770414
    ],
    "广东省珠海市香洲区唐家湾镇中山大学珠海校区教学楼中山大学（珠海校区）": [
        22.3528732,
        113.5839134
    ],
    "广东省珠海市香洲区唐家湾镇中山大学珠海校区微电子科学与技术学院中山大学（珠海校区）": [
        22.3521464,
        113.5792556
    ],
    "广东省珠海市香洲区唐家湾镇中山大学珠海校区物理与天文学院中山大学（珠海校区）": [
        22.3534483,
        113.5763864
    ],
    "广东省珠海市香洲区唐家湾镇瀚林路中山大学（珠海校区）": [
        22.3445041,
        113.5843649
    ],
    "广东省珠海市香洲区唐家湾镇中山大学珠海校区心理健康教育咨询中心中山大学（珠海校区）": [
        22.3536592,
        113.5826906
    ],
    "广东省珠海市香洲区唐家湾镇中山大学珠海校区荔园6号": [
        22.354009,
        113.5801804
    ],
    "广东省珠海市香洲区唐家湾镇中山大学珠海校区荔园6号中山大学（珠海校区）": [
        22.3546095,
        113.5802918
    ],
    "广东省珠海市香洲区唐家湾镇中山大学珠海校区荔园18号": [
        22.355761,
        113.5807266
    ],
    "广东省珠海市香洲区唐家湾镇中山大学珠海校区荔园6号1": [
        22.3541483,
        113.5808274
    ],
    "广东省珠海市香洲区唐家湾镇中山大学测绘科学与技术学院中山大学（珠海校区）": [
        22.3519922,
        113.5768497
    ],
    "广东省珠海市香洲区唐家湾镇中山大学珠海校区琴湖": [
        22.3543615,
        113.5733718
    ],
    "广东省珠海市香洲区唐家湾镇中山大学珠海校区隐湖中山大学（珠海校区）": [
        22.3510206,
        113.5828653
    ],
    "广东省珠海市香洲区唐家湾镇白埔路": [
        22.3542483,
        113.5852085
    ],
    "广东省珠海市香洲区唐家湾镇白埔路中山大学（珠海校区）": [
        22.3525821,
        113.5910057
    ],
    "广东省珠海市香洲区唐家湾镇中山大学土木工程学院中山大学（珠海校区）": [
        22.3523377,
        113.5904677
    ],
    "广东省珠海市香洲区唐家湾镇中山大学大气科学学院": [
        22.3513724,
        113.589546
    ],
    "广东省珠海市香洲区唐家湾镇中山大学珠海校区海洋科学学院中山大学（珠海校区)": [
        22.3496963,
        113.5895501
    ],
    "广东省珠海市香洲区唐家湾镇中山大学珠海校区海洋工程与技术学院中山大学（珠海校区）": [
        22.3498822,
        113.5886953
    ],
    "广东省珠海市香洲区唐家湾镇中山大学地球科学与工程学院": [
        22.348102,
        113.5888175
    ],
    "广东省珠海市香洲区唐家湾镇中山大学化学工程与技术学院中山大学（珠海校区）": [
        22.3463936,
        113.5886016
    ],
    "广东省珠海市香洲区唐家湾镇中大商务酒店": [
        22.3447163,
        113.5891143
    ],
    "广东省珠海市香洲区唐家湾镇珠海中山大学国际学术交流中心治安岗亭中大商务酒店": [
        22.3436182,
        113.5889064
    ],
    "广东省珠海市香洲区唐家湾镇中山大学珠海校区岐关车服务部中山大学（珠海校区)": [
        22.3498263,
        113.5840559
    ],
    "广东省珠海市香洲区唐家湾镇中山大学珠海校区若海中山大学（珠海校区）": [
        22.348501,
        113.5866664
    ],
    "广东省珠海市香洲区唐家湾镇瀚林路中山大学（珠海校区）1": [
        22.3491272,
        113.5825567
    ],
    "广东省珠海市香洲区唐家湾镇中山大学珠海校区瀚林1号中山大学（珠海校区）": [
        22.3515584,
        113.5815833
    ],
    "广东省珠海市香洲区唐家湾镇逸仙大道中山大学珠海校区荔园": [
        22.3532816,
        113.581555
    ],
    "广东省珠海市香洲区唐家湾镇瑞幸咖啡（中山大学珠海校区店）中山大学（珠海校区)": [
        22.3503524,
        113.5840317
    ],
    "广东省珠海市香洲区唐家湾镇中山大学珠海校区（华夏门）博雅苑": [
        22.3608667,
        113.5800216
    ],
    "广东省珠海市香洲区唐家湾镇博雅苑（南区）北师大珠海附中": [
        22.362719,
        113.5805302
    ],
    "广东省珠海市香洲区唐家湾镇博雅苑（南区）博雅苑二期": [
        22.3617466,
        113.5785716
    ],
    "广东省珠海市香洲区唐家湾镇中山大学珠海校区荔园19号": [
        22.3565466,
        113.581375
    ],
    "广东省珠海市香洲区唐家湾镇中山大学珠海校区榕园10号中山大学（珠海校区）": [
        22.356889,
        113.5772347
    ],
    "广东省珠海市香洲区唐家湾镇中山大学珠海校区教学楼E区中山大学（珠海校区）": [
        22.3526537,
        113.5839658
    ],
    "广东省珠海市香洲区唐家湾镇中山大学（珠海校区）": [
        22.3511178,
        113.5838894
    ],
    "广东省珠海市香洲区唐家湾镇逸仙大道中山大学（珠海校区）": [
        22.3516984,
        113.5838907
    ],
    "广东省珠海市香洲区唐家湾镇中子探测技术与应用联合实验室中山大学（珠海校区)": [
        22.3520041,
        113.5779412
    ],
    "广东省珠海市香洲区唐家湾镇中山大学珠海校区旅游休闲与社会发展研究中心中山大学（珠海校区）": [
        22.3528546,
        113.5754466
    ]
}